MAE,RMSE
2.6614358186721803,9.01748015085856
