MAE,RMSE
0.060746927306312044,0.19861414311576361
