MAE,RMSE
0.08160051619297015,0.4344781360857577
