MAE,RMSE
3.0584148248036698,11.064274541536967
