MAE,RMSE
0.10346410683582935,0.3757072650038494
