MAE,RMSE
0.10993703538434048,0.4273564122956686
