MAE,RMSE
2.6849592566490172,9.094181418418886
