MAE,RMSE
0.05690313842523648,0.1814839027294021
