MAE,RMSE
1.3346814870834351,2.4651114463806154
1.3339671850204469,2.446237564086914
1.3290246725082397,2.417815828323364
1.3404654026031495,2.458733415603638
1.3463947296142578,2.4777620792388917
1.3501093626022338,2.4874245643615724
1.3581032514572144,2.522782564163208
1.368264102935791,2.551900863647461
1.3828794717788697,2.605852222442627
1.3966479301452637,2.6582226753234863
1.413938546180725,2.73496994972229
1.4418733835220336,2.8383025169372558
