MAE,RMSE
0.014184055893487339,0.03048593162660893
