MAE,RMSE
8.753859615325927,40.191029675801595
