MAE,RMSE
0.2522365493857761,1.754925196302174
