MAE,RMSE
0.07029330583815403,0.31243994994864543
