MAE,RMSE
0.042673985903476326,0.18536978096163995
