MAE,RMSE,masked_MAPE
3.1328107992808025,11.66205015182495,0.40327547589937845
