MAE,RMSE
0.011458891489852742,0.04139032527803733
