MAE,RMSE
0.09420439457897195,0.5145314907482089
