MAE,RMSE
2.97972925901413,11.135170952479044
