MAE,RMSE
0.08017756149165048,0.2796166114859239
0.10745102854332583,0.1199225306458874
0.10513372786057458,0.12135595470853201
0.1267990096818949,0.25054233715762697
0.12787902520149502,0.38141400559183014
0.13934840210102606,0.6313631086918255
0.14787070296678534,0.7539074804805735
0.12354665321764069,0.6837093512127722
0.13488417206580375,0.5858610026173785
0.06842619552017898,0.4765515426750056
0.10843468332244081,0.39688130759014323
0.04929326263926919,0.44715171469052417
