MAE,RMSE
2.985668063163757,10.92170794804891
