MAE,RMSE
0.09467806077766398,0.35099643805647046
