MAE,RMSE
2.8763172348340356,9.982790239651996
