MAE,RMSE
3.045616412162781,11.158886337280274
