MAE,RMSE
3.0615733623504635,11.352247738838196
