MAE,RMSE
3.0137141267458603,11.09040371576945
