MAE,RMSE
3.0273985544840496,11.132147558530171
