MAE,RMSE
0.07844943403689729,0.5358937674623943
