MAE,RMSE
0.07624318790553472,0.3567570492903239
0.04687528677405573,0.18830710659974106
0.032576836090997055,0.15629551202027728
0.05745586634845874,0.21027104087306425
0.06518397857805268,0.3358302259986887
0.06874115949046238,0.4618976695818762
0.059040510366854364,0.545953361194028
0.06173419055231807,0.5938516558416832
0.0697150265839706,0.5900093754439153
0.0608150445787879,0.4915114938031301
0.055162989880088956,0.3695971762212482
0.06738886330262857,0.28720022780449445
