MAE,RMSE,masked_MAPE
0.11556094265864437,0.3990540392733281,0.0299735925782031
