MAE,RMSE
2.9895080049832665,11.260585196812947
