MAE,RMSE
0.06007774503768415,0.38229015788937254
