MAE,RMSE
3.0311202645301822,11.230033485094708
