MAE,RMSE
0.09093554516386927,0.42549713736866007
