MAE,RMSE
0.14600477602215559,0.8287416306798395
