MAE,RMSE,masked_MAPE
0.08145937968260303,0.43599680138702634,0.028582271067473398
