MAE,RMSE
2.6188965400060016,8.794565097490947
