MAE,RMSE
0.10347623902588353,0.14631407715550185
