MAE,RMSE
0.06618299913943247,0.3830416229803865
