MAE,RMSE
3.0283978700637815,11.045685823758442
