MAE,RMSE
0.08144508544896387,0.3978038321525125
