MAE,RMSE
0.06712718277618415,0.37449573319517016
