MAE,RMSE
3.0532519817352295,11.195313000679016
