MAE,RMSE
0.09326830754716581,0.5732047663100476
