MAE,RMSE
2.9957756241162614,11.027320448557537
