MAE,RMSE
0.06344564642116347,0.3884917068969782
