MAE,RMSE,masked_MAPE
5.301023572683334,22.54355275630951,0.5999295264482498
