MAE,RMSE,masked_MAPE
0.5145267943541209,3.4447332620620728,0.029783204197883606
