MAE,RMSE
3.3950159549713135,13.288951873779297
3.439559578895569,13.685240268707275
3.659596562385559,14.555814266204834
3.8387629985809326,15.441972255706787
4.025749921798706,16.469178199768066
4.169903755187987,17.190312385559082
4.315033912658691,18.028499603271484
4.459427356719971,18.61775779724121
4.658513307571411,19.605156898498535
4.8176655769348145,20.508743286132816
5.0237462520599365,21.335606575012207
5.294937610626221,22.687235832214355
