MAE,RMSE
2.395847129821777,7.348763179779053
2.4836088180541993,7.822450447082519
2.675312328338623,9.006375312805176
2.8508368015289305,10.059501647949219
3.0280081272125243,11.252802467346191
3.1479551792144775,12.192210006713868
3.2308481216430662,12.807569122314453
3.2819878101348876,13.13561553955078
3.2932809352874757,13.170205116271973
3.3075778007507326,13.275597190856933
3.3696993350982667,13.406935119628907
3.4710404872894287,13.886631965637207
