MAE,RMSE
3.044666906197866,11.447054759661356
