MAE,RMSE
4.258159399032593,17.617872436841328
