MAE,RMSE
3.0593183596928912,11.545770470301312
