MAE,RMSE
3.060323333740234,11.435680564244587
