MAE,RMSE
0.10496896505355842,0.40517024199167867
