MAE,RMSE
0.07966947555541992,0.0636453628540039
0.10168588161468506,0.10726118087768555
0.10655057430267312,0.22654008865356445
0.11088061332702659,0.3725714683532724
0.16335606575012207,0.3677015304565412
0.15774297714233398,0.6038198471069318
0.13014602661132857,0.5097770690917969
0.11757993698120117,0.6667327880859375
0.1064293384552002,0.5853319168090803
0.07676362991333052,0.5509166717529297
0.05743575096130371,0.4704599380493164
0.05138731002807617,0.3372850418090838
