MAE,RMSE
0.10494664742151318,0.438167263781287
