MAE,RMSE
0.11461112716077868,0.6385615563043382
0.07195138839008942,0.3496506660316228
0.042545854948520055,0.25129642011594294
0.06741369099798851,0.46862154162910946
0.08544468265607565,0.7102706298375563
0.09971390603824465,0.9396956045436687
0.07871130994957559,0.8696959257732734
0.07919674994435753,0.7299788486569284
0.07283774853612872,0.5201932303574386
0.06698248811740289,0.4034602361360444
0.056424725747307565,0.36175893792470637
0.059491809969941356,0.4044201307374912
