MAE,RMSE
0.04489622905583155,0.45575171415087484
