MAE,RMSE
0.07461045687136757,0.5539669773373436
