MAE,RMSE
0.0738656163946528,0.6201717298677316
