MAE,RMSE
3.0537914037704468,11.307190958658856
