MAE,RMSE
0.0733372871234146,0.5034499740134829
