MAE,RMSE
2.969563047091166,10.903398903210958
