MAE,RMSE
0.08325876968587605,0.5849472385970702
