MAE,RMSE
3.0211287498474118,11.277242620786032
