MAE,RMSE,masked_MAPE
0.08861830846283704,0.4971096506647006,0.010641689077111119
