MAE,RMSE,masked_MAPE
2.941579751173655,10.708861358960469,0.37820455531279246
