MAE,RMSE
2.9794233043988547,10.938738020261129
