MAE,RMSE
2.287604331970215,6.85033950805664
2.4277981758117675,7.75635290145874
2.6257584571838377,8.725664329528808
2.7571181297302245,9.487601470947265
2.909325456619263,10.434613609313965
3.040814924240112,11.253489685058593
3.117467975616455,12.132072639465331
3.191411256790161,12.579261016845702
3.2729432582855225,12.919645309448242
3.321467399597168,12.954459381103515
3.3660237789154053,12.943792533874511
3.435346508026123,13.227563858032227
