MAE,RMSE,masked_MAPE
0.14740406348294335,0.7606872822124107,0.01632624998853313
