MAE,RMSE
0.1157439619235671,0.8808351342540547
