MAE,RMSE
0.07695430148800156,0.1894977043667468
0.048607330065733236,0.20014702660181058
0.06198792250433972,0.23437780471966976
0.09683011110269611,0.3427130906256509
0.11848953666793749,0.6935209893733458
0.13037253641304233,1.0935633051965592
0.1561135166256416,1.4485551396162086
0.15350092567368762,1.5606955037630004
0.16632387082480213,1.538048390583842
0.14952620443091436,1.2940698307405596
0.13052809705820245,1.0765689180523494
0.09969319022780666,0.8982639074089139
