MAE,RMSE
2.970013173421224,10.751087180773418
