MAE,RMSE
0.06463371725158218,0.3243909998992205
