MAE,RMSE
3.0185680627822875,11.071481211980185
