MAE,RMSE
0.07436172898276952,0.37568809801994707
