MAE,RMSE
2.637194057305654,8.999833289782206
