MAE,RMSE
0.09249645813180381,0.1956864633759746
