MAE,RMSE,masked_MAPE
3.0211886127789818,11.359587717056277,0.44122874836126963
