MAE,RMSE
3.007567123572031,11.013699714342751
