MAE,RMSE
0.06649746983946295,0.3623369207280678
