MAE,RMSE,masked_MAPE
3.0590314547220867,11.246235847473145,0.45373876343170805
