MAE,RMSE
3.018986415863037,11.113362924257913
