MAE,RMSE
0.07761926421342326,0.39552026723424216
