MAE,RMSE
0.048552349288571904,0.4892623212046847
