MAE,RMSE
2.829325318336487,10.767184654871622
