MAE,RMSE
3.0570060928662617,11.306899229685465
