MAE,RMSE
0.1239955826399635,0.4339673137043802
