MAE,RMSE
0.06047894270285336,0.44020631506908375
