MAE,RMSE
2.9778227845827736,11.087190135320029
