MAE,RMSE
2.6359480420748396,9.01907566388448
