MAE,RMSE
0.08960270931340625,0.2630415510172968
