MAE,RMSE,masked_MAPE
3.0254620949427284,11.309515110651652,0.438863317668438
