MAE,RMSE,masked_MAPE
0.07965726850481485,0.27203947439592424,0.017132614966118485
