MAE,RMSE
1.3663624604543052,2.555426307519277
