MAE,RMSE
2.941522204875946,11.031136067708331
