MAE,RMSE
0.07331466608189423,0.581634442340856
