MAE,RMSE
3.0379950126012165,11.319465780258179
