MAE,RMSE,masked_MAPE
2.9996450940767923,10.864539551734923,0.4595692525307338
