MAE,RMSE,masked_MAPE
0.10289003862647482,0.3082888284090908,0.017321771175690035
