MAE,RMSE
2.951472194989522,10.878287156422934
