MAE,RMSE
0.04058292107710109,0.353274483730412
