MAE,RMSE,masked_MAPE
2.901096657911937,10.636650482813517,0.36976220607757576
