MAE,RMSE
2.2700371742248535,6.63975772857666
2.3716609477996826,7.53419599533081
2.5649438381195067,8.570494651794434
2.699008417129517,9.263121795654296
2.8548091411590577,9.961819076538086
2.971196937561035,10.707819557189941
3.095023012161255,11.530908393859864
3.2333960056304933,12.19231014251709
3.2212533950805664,12.464446640014648
3.2798696517944337,12.584048652648926
3.316954565048218,12.645878982543945
3.365200328826904,12.88475399017334
