MAE,RMSE
2.93694611787796,10.581629633903503
