MAE,RMSE
0.08529036884626245,0.7925648481758877
