MAE,RMSE,masked_MAPE
0.10560096837528715,0.8173769456741938,0.01149476472994652
