MAE,RMSE
0.0647858928546144,0.16517132925591468
0.06500761427827287,0.12821324963951952
0.04382498663550837,0.1896704871690659
0.061311112144433806,0.31335370306373356
0.08596484905025564,0.483761860124257
0.09529326814472495,0.8929656540661791
0.10646477737829448,1.2976087540245855
0.18487542713214314,1.5769602363215829
0.09635916552165437,1.4779384290731499
0.08670196320064147,1.2100004239039053
0.06205374336026231,0.9277614516325979
0.07084162645434368,0.8473725998361601
