MAE,RMSE
3.040378693739573,11.390764387448632
