MAE,RMSE
4.6731434762477875,19.888063192367554
