MAE,RMSE
3.808678388595581,16.282707691192627
3.7309677600860596,15.509793281555176
3.8647766113281254,16.22611665725708
4.028568863868713,16.872915267944336
4.252525568008423,18.002241134643555
4.40720534324646,18.7756290435791
4.664550065994263,19.952056884765625
4.864565849304199,21.06179904937744
5.169204235076904,22.0647611618042
5.499222278594971,23.56477165222168
5.748283624649048,24.730780601501465
6.039173126220703,25.61318588256836
