MAE,RMSE
2.9960674643516536,10.883546098073325
