MAE,RMSE
0.06453080020080186,0.12286123249412555
0.07973107201829802,0.084871317080559
0.07408125122180513,0.024252404778861515
0.1167530135412741,0.2517624861095891
0.10401217020722792,0.5571600459613859
0.11372932344593227,0.7310590956355095
0.11077224618243393,0.7966144449575013
0.09187282696431372,0.7876956713695198
0.12839732619713018,0.7748005630325541
0.11109581684272196,0.7607915488306985
0.0903703274292124,0.6691720429682614
0.10907269815329518,0.6033522438892001
