MAE,RMSE
0.09953490603370391,0.5136994247589804
