MAE,RMSE
0.12092354893684393,0.5977480411529542
