MAE,RMSE
3.1521609783172604,11.873441139856974
