MAE,RMSE
3.032714792092641,11.427371986707051
