MAE,RMSE
0.08943960419312436,0.6052751628038714
