MAE,RMSE
0.08244144427293759,0.46477941608067513
