MAE,RMSE
2.961875128746033,10.951438816388448
