MAE,RMSE,masked_MAPE
3.0415615995724994,11.258201630910238,0.44941323796908056
