MAE,RMSE
2.608645737171173,9.021909697850544
