MAE,RMSE
0.06335336939667469,0.2424577957552794
