MAE,RMSE
0.1152592630947782,0.36704556865032884
