MAE,RMSE
2.6370555043220523,9.047415192921957
