MAE,RMSE
0.09472854800384023,0.5728451012163485
