MAE,RMSE
2.9525615533192955,11.097866010665895
