MAE,RMSE
2.9888676325480144,10.933604097366333
