MAE,RMSE
0.08248679767523123,0.24898839345445725
