MAE,RMSE
3.061114096641541,11.408974933624267
