MAE,RMSE
0.0849939327636759,0.3791354904034598
