MAE,RMSE
3.0728924989700315,11.54299385547638
