MAE,RMSE
0.11582996061960375,0.6869685185556923
