MAE,RMSE,masked_MAPE
0.09806663551917494,0.6979953804947766,0.012690163984416874
