MAE,RMSE
0.0738707029952526,0.3164624604350702
