MAE,RMSE
2.59560714562734,8.911992104848226
