MAE,RMSE
0.034932716198383514,0.15725179336272396
