MAE,RMSE
3.003507212797801,11.214592544237773
